{"_format":"","paths":{"artifacts":"out","build_infos":"out/build-info","sources":"src","tests":"test","scripts":"script","libraries":["lib"]},"files":{"lib/chainlink-brownie-contracts/contracts/src/v0.8/shared/interfaces/AggregatorV3Interface.sol":{"lastModificationDate":1747233552695,"contentHash":"64a3f906dc7696aa3c9fa8454b673be7","sourceName":"lib/chainlink-brownie-contracts/contracts/src/v0.8/shared/interfaces/AggregatorV3Interface.sol","imports":[],"versionRequirement":"^0.8.0","artifacts":{"AggregatorV3Interface":{"0.8.28":{"default":{"path":"AggregatorV3Interface.sol/AggregatorV3Interface.json","build_id":"b17a96d47bed9286a34677cd474e6117"}}}},"seenByCompiler":true},"lib/forge-std/src/Base.sol":{"lastModificationDate":1747232817963,"contentHash":"26ab04949780bbaec40dfa66ddea6aac","sourceName":"lib/forge-std/src/Base.sol","imports":["lib/forge-std/src/StdStorage.sol","lib/forge-std/src/Vm.sol"],"versionRequirement":">=0.6.2, <0.9.0","artifacts":{"CommonBase":{"0.8.28":{"default":{"path":"Base.sol/CommonBase.json","build_id":"b17a96d47bed9286a34677cd474e6117"}}},"ScriptBase":{"0.8.28":{"default":{"path":"Base.sol/ScriptBase.json","build_id":"b17a96d47bed9286a34677cd474e6117"}}},"TestBase":{"0.8.28":{"default":{"path":"Base.sol/TestBase.json","build_id":"b17a96d47bed9286a34677cd474e6117"}}}},"seenByCompiler":true},"lib/forge-std/src/Script.sol":{"lastModificationDate":1747232817963,"contentHash":"1d11dd99b6b917f2de20017e94d9de06","sourceName":"lib/forge-std/src/Script.sol","imports":["lib/forge-std/src/Base.sol","lib/forge-std/src/StdChains.sol","lib/forge-std/src/StdCheats.sol","lib/forge-std/src/StdConstants.sol","lib/forge-std/src/StdJson.sol","lib/forge-std/src/StdMath.sol","lib/forge-std/src/StdStorage.sol","lib/forge-std/src/StdStyle.sol","lib/forge-std/src/StdUtils.sol","lib/forge-std/src/Vm.sol","lib/forge-std/src/console.sol","lib/forge-std/src/console2.sol","lib/forge-std/src/interfaces/IMulticall3.sol","lib/forge-std/src/safeconsole.sol"],"versionRequirement":">=0.6.2, <0.9.0","artifacts":{"Script":{"0.8.28":{"default":{"path":"Script.sol/Script.json","build_id":"b17a96d47bed9286a34677cd474e6117"}}}},"seenByCompiler":true},"lib/forge-std/src/StdChains.sol":{"lastModificationDate":1747232817964,"contentHash":"46c326449920147b8c9f2114981019a1","sourceName":"lib/forge-std/src/StdChains.sol","imports":["lib/forge-std/src/Vm.sol"],"versionRequirement":">=0.6.2, <0.9.0","artifacts":{"StdChains":{"0.8.28":{"default":{"path":"StdChains.sol/StdChains.json","build_id":"b17a96d47bed9286a34677cd474e6117"}}}},"seenByCompiler":true},"lib/forge-std/src/StdCheats.sol":{"lastModificationDate":1747232817964,"contentHash":"88408106c41697153142f6a6eeb06728","sourceName":"lib/forge-std/src/StdCheats.sol","imports":["lib/forge-std/src/StdStorage.sol","lib/forge-std/src/Vm.sol","lib/forge-std/src/console.sol","lib/forge-std/src/console2.sol"],"versionRequirement":">=0.6.2, <0.9.0","artifacts":{"StdCheats":{"0.8.28":{"default":{"path":"StdCheats.sol/StdCheats.json","build_id":"b17a96d47bed9286a34677cd474e6117"}}},"StdCheatsSafe":{"0.8.28":{"default":{"path":"StdCheats.sol/StdCheatsSafe.json","build_id":"b17a96d47bed9286a34677cd474e6117"}}}},"seenByCompiler":true},"lib/forge-std/src/StdConstants.sol":{"lastModificationDate":1747232817964,"contentHash":"14edb96ae3a9171cd6885d775e077b2b","sourceName":"lib/forge-std/src/StdConstants.sol","imports":["lib/forge-std/src/Vm.sol","lib/forge-std/src/interfaces/IMulticall3.sol"],"versionRequirement":">=0.6.2, <0.9.0","artifacts":{"StdConstants":{"0.8.28":{"default":{"path":"StdConstants.sol/StdConstants.json","build_id":"b17a96d47bed9286a34677cd474e6117"}}}},"seenByCompiler":true},"lib/forge-std/src/StdJson.sol":{"lastModificationDate":1747232817964,"contentHash":"02209da5708eaee03e24a9c24a687370","sourceName":"lib/forge-std/src/StdJson.sol","imports":["lib/forge-std/src/Vm.sol"],"versionRequirement":">=0.6.0, <0.9.0","artifacts":{"stdJson":{"0.8.28":{"default":{"path":"StdJson.sol/stdJson.json","build_id":"b17a96d47bed9286a34677cd474e6117"}}}},"seenByCompiler":true},"lib/forge-std/src/StdMath.sol":{"lastModificationDate":1747232817964,"contentHash":"9da8f453eba6bb98f3d75bc6822bfb29","sourceName":"lib/forge-std/src/StdMath.sol","imports":[],"versionRequirement":">=0.6.2, <0.9.0","artifacts":{"stdMath":{"0.8.28":{"default":{"path":"StdMath.sol/stdMath.json","build_id":"b17a96d47bed9286a34677cd474e6117"}}}},"seenByCompiler":true},"lib/forge-std/src/StdStorage.sol":{"lastModificationDate":1747232817965,"contentHash":"ce68f6e336944f16d31351a47d0b19b8","sourceName":"lib/forge-std/src/StdStorage.sol","imports":["lib/forge-std/src/Vm.sol"],"versionRequirement":">=0.6.2, <0.9.0","artifacts":{"stdStorage":{"0.8.28":{"default":{"path":"StdStorage.sol/stdStorage.json","build_id":"b17a96d47bed9286a34677cd474e6117"}}},"stdStorageSafe":{"0.8.28":{"default":{"path":"StdStorage.sol/stdStorageSafe.json","build_id":"b17a96d47bed9286a34677cd474e6117"}}}},"seenByCompiler":true},"lib/forge-std/src/StdStyle.sol":{"lastModificationDate":1747232817965,"contentHash":"6281165a12aa639705c691fccefd855e","sourceName":"lib/forge-std/src/StdStyle.sol","imports":["lib/forge-std/src/Vm.sol"],"versionRequirement":">=0.4.22, <0.9.0","artifacts":{"StdStyle":{"0.8.28":{"default":{"path":"StdStyle.sol/StdStyle.json","build_id":"b17a96d47bed9286a34677cd474e6117"}}}},"seenByCompiler":true},"lib/forge-std/src/StdUtils.sol":{"lastModificationDate":1747232817965,"contentHash":"4c104fcdec12d3b28348ff9e32c1e4eb","sourceName":"lib/forge-std/src/StdUtils.sol","imports":["lib/forge-std/src/Vm.sol","lib/forge-std/src/interfaces/IMulticall3.sol"],"versionRequirement":">=0.6.2, <0.9.0","artifacts":{"StdUtils":{"0.8.28":{"default":{"path":"StdUtils.sol/StdUtils.json","build_id":"b17a96d47bed9286a34677cd474e6117"}}}},"seenByCompiler":true},"lib/forge-std/src/Vm.sol":{"lastModificationDate":1747232817966,"contentHash":"c89e8ba7ee46cc706870d539a13386b7","sourceName":"lib/forge-std/src/Vm.sol","imports":[],"versionRequirement":">=0.6.2, <0.9.0","artifacts":{"Vm":{"0.8.28":{"default":{"path":"Vm.sol/Vm.json","build_id":"b17a96d47bed9286a34677cd474e6117"}}},"VmSafe":{"0.8.28":{"default":{"path":"Vm.sol/VmSafe.json","build_id":"b17a96d47bed9286a34677cd474e6117"}}}},"seenByCompiler":true},"lib/forge-std/src/console.sol":{"lastModificationDate":1747232817966,"contentHash":"ce19a9e49945b42118379ff99d853c05","sourceName":"lib/forge-std/src/console.sol","imports":[],"versionRequirement":">=0.4.22, <0.9.0","artifacts":{"console":{"0.8.28":{"default":{"path":"console.sol/console.json","build_id":"b17a96d47bed9286a34677cd474e6117"}}}},"seenByCompiler":true},"lib/forge-std/src/console2.sol":{"lastModificationDate":1747232817966,"contentHash":"f65ad21034b111e70fb5342d5771efcd","sourceName":"lib/forge-std/src/console2.sol","imports":["lib/forge-std/src/console.sol"],"versionRequirement":">=0.4.22, <0.9.0","artifacts":{},"seenByCompiler":true},"lib/forge-std/src/interfaces/IMulticall3.sol":{"lastModificationDate":1747232817967,"contentHash":"7b131ca1ca32ef6378b7b9ad5488b901","sourceName":"lib/forge-std/src/interfaces/IMulticall3.sol","imports":[],"versionRequirement":">=0.6.2, <0.9.0","artifacts":{"IMulticall3":{"0.8.28":{"default":{"path":"IMulticall3.sol/IMulticall3.json","build_id":"b17a96d47bed9286a34677cd474e6117"}}}},"seenByCompiler":true},"lib/forge-std/src/safeconsole.sol":{"lastModificationDate":1747232817968,"contentHash":"1445aa2f47000e212173e0cefd6c7a77","sourceName":"lib/forge-std/src/safeconsole.sol","imports":[],"versionRequirement":">=0.6.2, <0.9.0","artifacts":{"safeconsole":{"0.8.28":{"default":{"path":"safeconsole.sol/safeconsole.json","build_id":"b17a96d47bed9286a34677cd474e6117"}}}},"seenByCompiler":true},"lib/openzeppelin-contracts/contracts/access/Ownable.sol":{"lastModificationDate":1747233281414,"contentHash":"d3c790edc9ccf808a17c5a6cd13614fd","sourceName":"lib/openzeppelin-contracts/contracts/access/Ownable.sol","imports":["lib/openzeppelin-contracts/contracts/utils/Context.sol"],"versionRequirement":"^0.8.20","artifacts":{"Ownable":{"0.8.28":{"default":{"path":"Ownable.sol/Ownable.json","build_id":"b17a96d47bed9286a34677cd474e6117"}}}},"seenByCompiler":true},"lib/openzeppelin-contracts/contracts/interfaces/IERC5267.sol":{"lastModificationDate":1747233281421,"contentHash":"94364524cb1a39dcbc3d3afff6d8e53e","sourceName":"lib/openzeppelin-contracts/contracts/interfaces/IERC5267.sol","imports":[],"versionRequirement":"^0.8.20","artifacts":{"IERC5267":{"0.8.28":{"default":{"path":"IERC5267.sol/IERC5267.json","build_id":"b17a96d47bed9286a34677cd474e6117"}}}},"seenByCompiler":true},"lib/openzeppelin-contracts/contracts/proxy/Clones.sol":{"lastModificationDate":1747233281433,"contentHash":"43bae9c999f7a09cda96fb2f8be70626","sourceName":"lib/openzeppelin-contracts/contracts/proxy/Clones.sol","imports":["lib/openzeppelin-contracts/contracts/utils/Create2.sol","lib/openzeppelin-contracts/contracts/utils/Errors.sol"],"versionRequirement":"^0.8.20","artifacts":{"Clones":{"0.8.28":{"default":{"path":"Clones.sol/Clones.json","build_id":"b17a96d47bed9286a34677cd474e6117"}}}},"seenByCompiler":true},"lib/openzeppelin-contracts/contracts/utils/Context.sol":{"lastModificationDate":1747233281440,"contentHash":"67bfbc07588eb8683b3fd8f6f909563e","sourceName":"lib/openzeppelin-contracts/contracts/utils/Context.sol","imports":[],"versionRequirement":"^0.8.20","artifacts":{"Context":{"0.8.28":{"default":{"path":"Context.sol/Context.json","build_id":"b17a96d47bed9286a34677cd474e6117"}}}},"seenByCompiler":true},"lib/openzeppelin-contracts/contracts/utils/Create2.sol":{"lastModificationDate":1747233281440,"contentHash":"841323ddbb94316c3f9ae8a19ce080ff","sourceName":"lib/openzeppelin-contracts/contracts/utils/Create2.sol","imports":["lib/openzeppelin-contracts/contracts/utils/Errors.sol"],"versionRequirement":"^0.8.20","artifacts":{"Create2":{"0.8.28":{"default":{"path":"Create2.sol/Create2.json","build_id":"b17a96d47bed9286a34677cd474e6117"}}}},"seenByCompiler":true},"lib/openzeppelin-contracts/contracts/utils/Errors.sol":{"lastModificationDate":1747233281440,"contentHash":"6b5eac2b85500c3012977849cfd633d8","sourceName":"lib/openzeppelin-contracts/contracts/utils/Errors.sol","imports":[],"versionRequirement":"^0.8.20","artifacts":{"Errors":{"0.8.28":{"default":{"path":"Errors.sol/Errors.json","build_id":"b17a96d47bed9286a34677cd474e6117"}}}},"seenByCompiler":true},"lib/openzeppelin-contracts/contracts/utils/Panic.sol":{"lastModificationDate":1747233281441,"contentHash":"2133dc13536b4a6a98131e431fac59e1","sourceName":"lib/openzeppelin-contracts/contracts/utils/Panic.sol","imports":[],"versionRequirement":"^0.8.20","artifacts":{"Panic":{"0.8.28":{"default":{"path":"Panic.sol/Panic.json","build_id":"b17a96d47bed9286a34677cd474e6117"}}}},"seenByCompiler":true},"lib/openzeppelin-contracts/contracts/utils/Strings.sol":{"lastModificationDate":1747233281557,"contentHash":"13dbc135f563c72a11b1cf4fbb5fb284","sourceName":"lib/openzeppelin-contracts/contracts/utils/Strings.sol","imports":["lib/openzeppelin-contracts/contracts/utils/Panic.sol","lib/openzeppelin-contracts/contracts/utils/math/Math.sol","lib/openzeppelin-contracts/contracts/utils/math/SafeCast.sol","lib/openzeppelin-contracts/contracts/utils/math/SignedMath.sol"],"versionRequirement":"^0.8.20","artifacts":{"Strings":{"0.8.28":{"default":{"path":"Strings.sol/Strings.json","build_id":"b17a96d47bed9286a34677cd474e6117"}}}},"seenByCompiler":true},"lib/openzeppelin-contracts/contracts/utils/cryptography/ECDSA.sol":{"lastModificationDate":1747233281442,"contentHash":"81de029d56aa803972be03c5d277cb6c","sourceName":"lib/openzeppelin-contracts/contracts/utils/cryptography/ECDSA.sol","imports":[],"versionRequirement":"^0.8.20","artifacts":{"ECDSA":{"0.8.28":{"default":{"path":"ECDSA.sol/ECDSA.json","build_id":"b17a96d47bed9286a34677cd474e6117"}}}},"seenByCompiler":true},"lib/openzeppelin-contracts/contracts/utils/cryptography/MessageHashUtils.sol":{"lastModificationDate":1747233281443,"contentHash":"260f3968eefa3bbd30520cff5384cd93","sourceName":"lib/openzeppelin-contracts/contracts/utils/cryptography/MessageHashUtils.sol","imports":["lib/openzeppelin-contracts/contracts/utils/Panic.sol","lib/openzeppelin-contracts/contracts/utils/Strings.sol","lib/openzeppelin-contracts/contracts/utils/math/Math.sol","lib/openzeppelin-contracts/contracts/utils/math/SafeCast.sol","lib/openzeppelin-contracts/contracts/utils/math/SignedMath.sol"],"versionRequirement":"^0.8.20","artifacts":{"MessageHashUtils":{"0.8.28":{"default":{"path":"MessageHashUtils.sol/MessageHashUtils.json","build_id":"b17a96d47bed9286a34677cd474e6117"}}}},"seenByCompiler":true},"lib/openzeppelin-contracts/contracts/utils/math/Math.sol":{"lastModificationDate":1747233281443,"contentHash":"5ec781e33d3a9ac91ffdc83d94420412","sourceName":"lib/openzeppelin-contracts/contracts/utils/math/Math.sol","imports":["lib/openzeppelin-contracts/contracts/utils/Panic.sol","lib/openzeppelin-contracts/contracts/utils/math/SafeCast.sol"],"versionRequirement":"^0.8.20","artifacts":{"Math":{"0.8.28":{"default":{"path":"Math.sol/Math.json","build_id":"b17a96d47bed9286a34677cd474e6117"}}}},"seenByCompiler":true},"lib/openzeppelin-contracts/contracts/utils/math/SafeCast.sol":{"lastModificationDate":1747233281444,"contentHash":"2adca1150f58fc6f3d1f0a0f22ee7cca","sourceName":"lib/openzeppelin-contracts/contracts/utils/math/SafeCast.sol","imports":[],"versionRequirement":"^0.8.20","artifacts":{"SafeCast":{"0.8.28":{"default":{"path":"SafeCast.sol/SafeCast.json","build_id":"b17a96d47bed9286a34677cd474e6117"}}}},"seenByCompiler":true},"lib/openzeppelin-contracts/contracts/utils/math/SignedMath.sol":{"lastModificationDate":1747233281444,"contentHash":"ae3528afb8bdb0a7dcfba5b115ee8074","sourceName":"lib/openzeppelin-contracts/contracts/utils/math/SignedMath.sol","imports":["lib/openzeppelin-contracts/contracts/utils/math/SafeCast.sol"],"versionRequirement":"^0.8.20","artifacts":{"SignedMath":{"0.8.28":{"default":{"path":"SignedMath.sol/SignedMath.json","build_id":"b17a96d47bed9286a34677cd474e6117"}}}},"seenByCompiler":true},"lib/openzeppelin-contracts-upgradeable/contracts/proxy/utils/Initializable.sol":{"lastModificationDate":1747286690172,"contentHash":"2acae54ad209714bca07edf4bae32f72","sourceName":"lib/openzeppelin-contracts-upgradeable/contracts/proxy/utils/Initializable.sol","imports":[],"versionRequirement":"^0.8.20","artifacts":{"Initializable":{"0.8.28":{"default":{"path":"Initializable.sol/Initializable.json","build_id":"b17a96d47bed9286a34677cd474e6117"}}}},"seenByCompiler":true},"lib/openzeppelin-contracts-upgradeable/contracts/utils/cryptography/EIP712Upgradeable.sol":{"lastModificationDate":1747286690289,"contentHash":"6cb69531b14cf9a1a5a986837c5f0075","sourceName":"lib/openzeppelin-contracts-upgradeable/contracts/utils/cryptography/EIP712Upgradeable.sol","imports":["lib/openzeppelin-contracts/contracts/interfaces/IERC5267.sol","lib/openzeppelin-contracts/contracts/utils/Panic.sol","lib/openzeppelin-contracts/contracts/utils/Strings.sol","lib/openzeppelin-contracts/contracts/utils/cryptography/MessageHashUtils.sol","lib/openzeppelin-contracts/contracts/utils/math/Math.sol","lib/openzeppelin-contracts/contracts/utils/math/SafeCast.sol","lib/openzeppelin-contracts/contracts/utils/math/SignedMath.sol","lib/openzeppelin-contracts-upgradeable/contracts/proxy/utils/Initializable.sol"],"versionRequirement":"^0.8.20","artifacts":{"EIP712Upgradeable":{"0.8.28":{"default":{"path":"EIP712Upgradeable.sol/EIP712Upgradeable.json","build_id":"b17a96d47bed9286a34677cd474e6117"}}}},"seenByCompiler":true},"script/deploy.s.sol":{"lastModificationDate":1747291148507,"contentHash":"48884c9984b313a727a80145581bb93a","sourceName":"script/deploy.s.sol","imports":["lib/chainlink-brownie-contracts/contracts/src/v0.8/shared/interfaces/AggregatorV3Interface.sol","lib/forge-std/src/Base.sol","lib/forge-std/src/Script.sol","lib/forge-std/src/StdChains.sol","lib/forge-std/src/StdCheats.sol","lib/forge-std/src/StdConstants.sol","lib/forge-std/src/StdJson.sol","lib/forge-std/src/StdMath.sol","lib/forge-std/src/StdStorage.sol","lib/forge-std/src/StdStyle.sol","lib/forge-std/src/StdUtils.sol","lib/forge-std/src/Vm.sol","lib/forge-std/src/console.sol","lib/forge-std/src/console2.sol","lib/forge-std/src/interfaces/IMulticall3.sol","lib/forge-std/src/safeconsole.sol","lib/openzeppelin-contracts/contracts/access/Ownable.sol","lib/openzeppelin-contracts/contracts/interfaces/IERC5267.sol","lib/openzeppelin-contracts/contracts/proxy/Clones.sol","lib/openzeppelin-contracts/contracts/utils/Context.sol","lib/openzeppelin-contracts/contracts/utils/Create2.sol","lib/openzeppelin-contracts/contracts/utils/Errors.sol","lib/openzeppelin-contracts/contracts/utils/Panic.sol","lib/openzeppelin-contracts/contracts/utils/Strings.sol","lib/openzeppelin-contracts/contracts/utils/cryptography/ECDSA.sol","lib/openzeppelin-contracts/contracts/utils/cryptography/MessageHashUtils.sol","lib/openzeppelin-contracts/contracts/utils/math/Math.sol","lib/openzeppelin-contracts/contracts/utils/math/SafeCast.sol","lib/openzeppelin-contracts/contracts/utils/math/SignedMath.sol","lib/openzeppelin-contracts-upgradeable/contracts/proxy/utils/Initializable.sol","lib/openzeppelin-contracts-upgradeable/contracts/utils/cryptography/EIP712Upgradeable.sol","src/Payroll.sol","src/PayrollFactory.sol"],"versionRequirement":"^0.8.13","artifacts":{"DeployScript":{"0.8.28":{"default":{"path":"deploy.s.sol/DeployScript.json","build_id":"b17a96d47bed9286a34677cd474e6117"}}}},"seenByCompiler":true},"src/Payroll.sol":{"lastModificationDate":1747289907005,"contentHash":"cba9dcd1118aecd79e99b72803f8bb2e","sourceName":"src/Payroll.sol","imports":["lib/chainlink-brownie-contracts/contracts/src/v0.8/shared/interfaces/AggregatorV3Interface.sol","lib/openzeppelin-contracts/contracts/interfaces/IERC5267.sol","lib/openzeppelin-contracts/contracts/utils/Panic.sol","lib/openzeppelin-contracts/contracts/utils/Strings.sol","lib/openzeppelin-contracts/contracts/utils/cryptography/ECDSA.sol","lib/openzeppelin-contracts/contracts/utils/cryptography/MessageHashUtils.sol","lib/openzeppelin-contracts/contracts/utils/math/Math.sol","lib/openzeppelin-contracts/contracts/utils/math/SafeCast.sol","lib/openzeppelin-contracts/contracts/utils/math/SignedMath.sol","lib/openzeppelin-contracts-upgradeable/contracts/proxy/utils/Initializable.sol","lib/openzeppelin-contracts-upgradeable/contracts/utils/cryptography/EIP712Upgradeable.sol"],"versionRequirement":"^0.8.21","artifacts":{"Payroll":{"0.8.28":{"default":{"path":"Payroll.sol/Payroll.json","build_id":"b17a96d47bed9286a34677cd474e6117"}}}},"seenByCompiler":true},"src/PayrollFactory.sol":{"lastModificationDate":1747287000004,"contentHash":"dd8eb6e1d81aa85f17095a4af4bd4e37","sourceName":"src/PayrollFactory.sol","imports":["lib/chainlink-brownie-contracts/contracts/src/v0.8/shared/interfaces/AggregatorV3Interface.sol","lib/openzeppelin-contracts/contracts/access/Ownable.sol","lib/openzeppelin-contracts/contracts/interfaces/IERC5267.sol","lib/openzeppelin-contracts/contracts/proxy/Clones.sol","lib/openzeppelin-contracts/contracts/utils/Context.sol","lib/openzeppelin-contracts/contracts/utils/Create2.sol","lib/openzeppelin-contracts/contracts/utils/Errors.sol","lib/openzeppelin-contracts/contracts/utils/Panic.sol","lib/openzeppelin-contracts/contracts/utils/Strings.sol","lib/openzeppelin-contracts/contracts/utils/cryptography/ECDSA.sol","lib/openzeppelin-contracts/contracts/utils/cryptography/MessageHashUtils.sol","lib/openzeppelin-contracts/contracts/utils/math/Math.sol","lib/openzeppelin-contracts/contracts/utils/math/SafeCast.sol","lib/openzeppelin-contracts/contracts/utils/math/SignedMath.sol","lib/openzeppelin-contracts-upgradeable/contracts/proxy/utils/Initializable.sol","lib/openzeppelin-contracts-upgradeable/contracts/utils/cryptography/EIP712Upgradeable.sol","src/Payroll.sol"],"versionRequirement":"=0.8.28","artifacts":{"PayrollFactory":{"0.8.28":{"default":{"path":"PayrollFactory.sol/PayrollFactory.json","build_id":"b17a96d47bed9286a34677cd474e6117"}}}},"seenByCompiler":true}},"builds":["b17a96d47bed9286a34677cd474e6117"],"profiles":{"default":{"solc":{"optimizer":{"enabled":true,"runs":200},"metadata":{"useLiteralContent":false,"bytecodeHash":"ipfs","appendCBOR":true},"outputSelection":{"*":{"*":["abi","evm.bytecode.object","evm.bytecode.sourceMap","evm.bytecode.linkReferences","evm.deployedBytecode.object","evm.deployedBytecode.sourceMap","evm.deployedBytecode.linkReferences","evm.deployedBytecode.immutableReferences","evm.methodIdentifiers","metadata"]}},"evmVersion":"cancun","viaIR":false,"libraries":{}},"vyper":{"evmVersion":"cancun","outputSelection":{"*":{"*":["abi","evm.bytecode","evm.deployedBytecode"]}}}}}}